barcode,category
7290113921085,חד פעמי
7290113920705,חד פעמי
7291235661538,לבית
7290016028164,חד פעמי
7290118430766,מוצרי נקיון וטיפוח
7290016624885,לבית
7290017222417,חד פעמי
7290113922228,חד פעמי
7290115738940,לבית
7290017870168,לבית
7290019673330,לבית
7290114659949,מוצרי נקיון וטיפוח
7290110290641,לבית
7290015562614,מוצרי אפיה ובישול
1,מוצרי אפיה ובישול
8697502233467,יום הולדת ומתנות
7290120166219,חד פעמי
7290016387995,לבית
7290120320321,חד פעמי
7290113921245,חד פעמי
7290019673309,לבית
7290017870298,לבית
7290113926707,לבית
7290017222370,חד פעמי
7290016028799,חד פעמי
7290019673606,חד פעמי
7290019673590,חד פעמי
7290019673583,חד פעמי
7290113925939,חד פעמי
7290113925946,חד פעמי
7290113925922,חד פעמי
7290113925915,חד פעמי
7290113921269,חד פעמי
7290113920774,חד פעמי
7290113920767,חד פעמי
7290113923461,חד פעמי
008421830046,יום הולדת ומתנות
8021886113310,יום הולדת ומתנות
8021886112917,יום הולדת ומתנות
7290016323030,חד פעמי
7290121243421,חד פעמי
7290121244213,חד פעמי
6923538239343,יום הולדת ומתנות
6923538239534,יום הולדת ומתנות
7290012027772,חד פעמי
7290019858478,חד פעמי
7290019858348,חד פעמי
7290019439028,מוצרי אפיה ובישול
835811002253,מוצרי אפיה ובישול
7102545381750,לבית
7290015922692,חד פעמי
7290015922326,חד פעמי
835811000426,חד פעמי
100760,לבית
5903641178327,יום הולדת ומתנות
835811001119,מוצרי אפיה ובישול
7290017870489,חד פעמי
7290003679225,מוצרי אפיה ובישול
4082300286700,לבית
7290111660870,חד פעמי
7759855539441,לבית
7290120320468,חד פעמי
7290120320956,יום הולדת ומתנות
SH25015147,לבית
8697957251252,לבית
3612,חד פעמי
7290115951134,חד פעמי
835811000433,חד פעמי
1007622,חד פעמי
7290016973914,מוצרי אפיה ובישול
7290121241304,חד פעמי
7290018509661,חד פעמי
7290003586448,חד פעמי
7290003586134,חד פעמי
7290113921238,חד פעמי
7290113921306,חד פעמי
7290113921184,חד פעמי
7290113921290,חד פעמי
7290013757388,חד פעמי
7290115779691,חד פעמי
6923538229481,חד פעמי
7290019858287,חד פעמי
7290118438021,לבית
7290118438038,לבית
7290108352559,מוצרי נקיון וטיפוח
8341695960043,לבית
7290108354379,מוצרי נקיון וטיפוח
907,חד פעמי
902,חד פעמי
43656533,חד פעמי
7290113925281,חד פעמי
7102545381712,לבית
7290120320611,מוצרי אפיה ובישול
008421830121,יום הולדת ומתנות
008421830596,יום הולדת ומתנות
008421830626,יום הולדת ומתנות
008421830343,יום הולדת ומתנות
008421830633,יום הולדת ומתנות
008421830671,יום הולדת ומתנות
008421830138,יום הולדת ומתנות
008421830251,יום הולדת ומתנות
008421830244,יום הולדת ומתנות
008421830145,יום הולדת ומתנות
008421830374,יום הולדת ומתנות
008421830312,יום הולדת ומתנות
008421830084,יום הולדת ומתנות
7290108079111,יום הולדת ומתנות
7290120661158,יום הולדת ומתנות
7290120663978,יום הולדת ומתנות
7290120662827,יום הולדת ומתנות
7290122842302,יום הולדת ומתנות
7290120664425,יום הולדת ומתנות
7290122840957,יום הולדת ומתנות
7290122842401,יום הולדת ומתנות
7290122840858,יום הולדת ומתנות
7290120661400,יום הולדת ומתנות
7290120663473,יום הולדת ומתנות
7290122841459,יום הולדת ומתנות
7290122841305,יום הולדת ומתנות
7290120663275,יום הולדת ומתנות
7290120662421,יום הולדת ומתנות
7290120662872,יום הולדת ומתנות
7290120664029,יום הולדת ומתנות
7290120662520,יום הולדת ומתנות
7290102007790,יום הולדת ומתנות
7290108078947,יום הולדת ומתנות
7290108078985,יום הולדת ומתנות
7290108079005,יום הולדת ומתנות
7290108079029,יום הולדת ומתנות
7290102007899,יום הולדת ומתנות
7290102007912,יום הולדת ומתנות
7290102007967,יום הולדת ומתנות
7290108078930,יום הולדת ומתנות
7290108079036,יום הולדת ומתנות
7290108079050,יום הולדת ומתנות
7290108079098,יום הולדת ומתנות
7290102007905,יום הולדת ומתנות
7290121241748,יום הולדת ומתנות
7290112707499,יום הולדת ומתנות
6928325167212,יום הולדת ומתנות
6928325167205,יום הולדת ומתנות
6928325183793,יום הולדת ומתנות
6928325167229,יום הולדת ומתנות
7290112708144,יום הולדת ומתנות
7290121800365,יום הולדת ומתנות
7290121800266,יום הולדת ומתנות
7290121800464,יום הולדת ומתנות
7290121800419,יום הולדת ומתנות
5201184986509,יום הולדת ומתנות
7290120661165,יום הולדת ומתנות
7290122840841,יום הולדת ומתנות
7290122840896,יום הולדת ומתנות
7290121247795,יום הולדת ומתנות
7290115951455,יום הולדת ומתנות
7290120090569,יום הולדת ומתנות
7290110284459,יום הולדת ומתנות
5201184986417,יום הולדת ומתנות
7290120661219,יום הולדת ומתנות
7290120662919,יום הולדת ומתנות
7290121808095,יום הולדת ומתנות
7290121246507,יום הולדת ומתנות
7290121246477,יום הולדת ומתנות
7290120661615,יום הולדת ומתנות
7290120660014,יום הולדת ומתנות
7290118637349,יום הולדת ומתנות
7290102002962,יום הולדת ומתנות
7290112703439,יום הולדת ומתנות
7290006547552,יום הולדת ומתנות
7290118871811,יום הולדת ומתנות
6923538204938,יום הולדת ומתנות
6923538202514,יום הולדת ומתנות
7290015262316,יום הולדת ומתנות
5201184986387,יום הולדת ומתנות
7290120662766,יום הולדת ומתנות
7290120661110,יום הולדת ומתנות
6923538224882,יום הולדת ומתנות
7290121247245,יום הולדת ומתנות
7290113312708,יום הולדת ומתנות
7290113313378,יום הולדת ומתנות
7290113312722,יום הולדת ומתנות
7290121800662,יום הולדת ומתנות
7290121800716,יום הולדת ומתנות
7290121800761,יום הולדת ומתנות
7290121800914,יום הולדת ומתנות
7290121801010,יום הולדת ומתנות
7290121800969,יום הולדת ומתנות
7290113317611,יום הולדת ומתנות
7290113317628,יום הולדת ומתנות
7290113317598,יום הולדת ומתנות
7290113317567,יום הולדת ומתנות
7290115079265,יום הולדת ומתנות
7290108070323,יום הולדת ומתנות
7290121247344,יום הולדת ומתנות
7290108076295,יום הולדת ומתנות
7290113596801,יום הולדת ומתנות
7290108359145,מוצרי נקיון וטיפוח
7290108353075,חד פעמי
7290000294780,מוצרי נקיון וטיפוח
7290000288024,מוצרי נקיון וטיפוח
7290000288048,מוצרי נקיון וטיפוח
7290108359985,מוצרי נקיון וטיפוח
7290017729725,לבית
7290017729732,חד פעמי
7291988049287,לבית
7290006547613,לבית
7290006547071,לבית
7290115738834,לבית
7290108356472,מוצרי נקיון וטיפוח
7290000133904,מוצרי נקיון וטיפוח
7290004731670,מוצרי נקיון וטיפוח
7290015381666,מוצרי נקיון וטיפוח
7290015381635,מוצרי נקיון וטיפוח
7290020228017,מוצרי נקיון וטיפוח
7290015381871,מוצרי נקיון וטיפוח
7290020228734,מוצרי נקיון וטיפוח
7290015381659,מוצרי נקיון וטיפוח
7290108357882,מוצרי נקיון וטיפוח
7290108357275,מוצרי נקיון וטיפוח
7290108353327,מוצרי נקיון וטיפוח
7290108353334,מוצרי נקיון וטיפוח
7290108356106,מוצרי נקיון וטיפוח
7290108356168,מוצרי נקיון וטיפוח
7290108356489,מוצרי נקיון וטיפוח
7290108357691,מוצרי נקיון וטיפוח
7290108356250,מוצרי נקיון וטיפוח
7290015381826,מוצרי נקיון וטיפוח
7290016777642,לבית
7290014803885,מוצרי נקיון וטיפוח
7290003055142,חד פעמי
7290108356434,מוצרי נקיון וטיפוח
7290113923539,מוצרי נקיון וטיפוח
7290108354069,מוצרי נקיון וטיפוח
7290013268020,מוצרי נקיון וטיפוח
7290108358384,מוצרי נקיון וטיפוח
7290012117558,מוצרי נקיון וטיפוח
7290108350623,מוצרי נקיון וטיפוח
7290108358766,מוצרי נקיון וטיפוח
7290108351811,מוצרי נקיון וטיפוח
7290012117534,מוצרי נקיון וטיפוח
7290014397286,מוצרי נקיון וטיפוח
7290108357295,מוצרי נקיון וטיפוח
7290015381420,מוצרי נקיון וטיפוח
7290015381970,מוצרי נקיון וטיפוח
7290011785444,אביזרי רכב
7290020228741,מוצרי נקיון וטיפוח
7290020228680,מוצרי נקיון וטיפוח
7290020228703,מוצרי נקיון וטיפוח
7290017729381,מוצרי נקיון וטיפוח
7290119968208,מוצרי נקיון וטיפוח
8696219397325,לבית
7290005424847,מוצרי נקיון וטיפוח
7290000289748,מוצרי נקיון וטיפוח
7290012117428,מוצרי נקיון וטיפוח
7290016580136,לבית
7290108353242,מוצרי נקיון וטיפוח
7290014397767,מוצרי נקיון וטיפוח
7290108357370,מוצרי נקיון וטיפוח
7290013268242,מוצרי נקיון וטיפוח
7290107280822,מוצרי נקיון וטיפוח
7290013269621,מוצרי נקיון וטיפוח
7290002579434,לבית
7290112486714,מוצרי נקיון וטיפוח
7290110287917,חד פעמי
7290110287191,חד פעמי
7290110286163,חד פעמי
7290110281496,חד פעמי
7290016212617,חד פעמי
7290003586103,חד פעמי
7290115951165,חד פעמי
7290115951172,חד פעמי
7290110287993,חד פעמי
7290110287986,חד פעמי
7290016212341,חד פעמי
7290121243933,חד פעמי
7290115956979,חד פעמי
7290118632047,חד פעמי
7290110280512,חד פעמי
7290115951325,חד פעמי
7290115951332,חד פעמי
7290110281090,חד פעמי
7290110281106,חד פעמי
7290110281083,חד פעמי
7290115951387,חד פעמי
7290115951394,חד פעמי
7290115951363,חד פעמי
7290110281793,חד פעמי
7290110281885,חד פעמי
7290110281595,חד פעמי
7290110281861,חד פעמי
7290110288037,חד פעמי
7290110281502,חד פעמי
7290115951264,חד פעמי
7290115951271,חד פעמי
7290115951240,חד פעמי
7290115951257,חד פעמי
7290003586530,חד פעמי
7290110286026,חד פעמי
7290110286040,חד פעמי
7290110280116,חד פעמי
7290110280123,חד פעמי
7290110280093,חד פעמי
7290110286071,חד פעמי
7290110286057,חד פעמי
7290115952179,חד פעמי
7290110287856,חד פעמי
7290014625570,חד פעמי
7290001050064,מוצרי אפיה ובישול
7290113923843,חד פעמי
7290018884782,מוצרי אפיה ובישול
7290018884799,מוצרי אפיה ובישול
7290018884805,מוצרי אפיה ובישול
7290018884812,מוצרי אפיה ובישול
7290016500193,מוצרי אפיה ובישול
7290019500179,מוצרי אפיה ובישול
7290104853333,חד פעמי
7291000129997,לבית
7291000129973,לבית
7290118431725,לבית
7290108359022,חד פעמי
7290003586455,חד פעמי
7290113920750,חד פעמי
7290113924932,לבית
7290113924963,לבית
7290113924956,לבית
7290113924949,לבית
7290115737813,מוצרי נקיון וטיפוח
7290012931611,מוצרי נקיון וטיפוח
7290113921191,חד פעמי
7290016117400,מוצרי נקיון וטיפוח
7290108359060,מוצרי נקיון וטיפוח
7290020178336,מוצרי נקיון וטיפוח
7290020178329,מוצרי נקיון וטיפוח
7290017674872,לבית
7290108353020,חד פעמי
7290108353037,חד פעמי
7290108359251,לבית
7290113927896,חד פעמי
7290018929001,מוצרי נקיון וטיפוח
7290113923836,חד פעמי
7290618281844,לבית
7290618281837,לבית
729011392358,חד פעמי
7290113925144,חד פעמי
077343002220,חד פעמי
7290004255602,לבית
7290113923829,חד פעמי
7290115952186,חד פעמי
7290108359299,לבית
7290014945036,מוצרי נקיון וטיפוח
7290108352368,מוצרי נקיון וטיפוח
766041121769,אביזרי רכב
766041121783,אביזרי רכב
8680202110282,מוצרי אפיה ובישול
7290000294773,מוצרי נקיון וטיפוח
7290108357288,מוצרי נקיון וטיפוח
7290018710173,מוצרי אפיה ובישול
7290018710166,מוצרי אפיה ובישול
7290108352085,מוצרי נקיון וטיפוח
7290110282790,חד פעמי
7290110287962,חד פעמי
7290110287955,חד פעמי
7290110287979,חד פעמי
7290121245234,חד פעמי
7290013827029,מוצרי אפיה ובישול
7290001468616,מוצרי אפיה ובישול
7290010172429,מוצרי אפיה ובישול
0693493057394,מוצרי אפיה ובישול
0693493137652,מוצרי אפיה ובישול
0693493137669,מוצרי אפיה ובישול
0693493137676,מוצרי אפיה ובישול
7290016973822,מוצרי אפיה ובישול
7290016973815,מוצרי אפיה ובישול
7290016973877,מוצרי אפיה ובישול
7290016973785,מוצרי אפיה ובישול
0693493137614,מוצרי אפיה ובישול
7290016973891,מוצרי אפיה ובישול
7290016973907,מוצרי אפיה ובישול
7290016973808,מוצרי אפיה ובישול
7290016973884,מוצרי אפיה ובישול
7290016973860,מוצרי אפיה ובישול
7290016973792,מוצרי אפיה ובישול
7290001468715,מוצרי אפיה ובישול
7290121391344,לבית
4062981003483,לבית
7290121391504,לבית
7290103156138,חד פעמי
7290112482860,חד פעמי
7290001468890,מוצרי נקיון וטיפוח
6956320123018,לבית
7290013827067,מוצרי אפיה ובישול
7290010300860,מוצרי נקיון וטיפוח
7759855536303,לבית
7759855536297,לבית
7759855536280,לבית
7759855536310,לבית
7759855538031,לבית
7759855538048,לבית
7290008449298,לבית
7290004200961,יום הולדת ומתנות
7290110288006,חד פעמי
7290118438571,חד פעמי
6923538202675,חד פעמי
5400338097256,אביזרי רכב
7290014803718,מוצרי אפיה ובישול
7290120662926,יום הולדת ומתנות
7290122840704,יום הולדת ומתנות
7290108078961,יום הולדת ומתנות
7290102007806,יום הולדת ומתנות
7290102007820,יום הולדת ומתנות
7290108079081,יום הולדת ומתנות
7290108079128,יום הולדת ומתנות
7290108078954,יום הולדת ומתנות
7290108079012,יום הולדת ומתנות
7290102007813,יום הולדת ומתנות
7290102007844,יום הולדת ומתנות
7290102007950,יום הולדת ומתנות
7291235661613,לבית
7291235661514,לבית
7291235661521,לבית
7901469909886,לבית
7291235661583,לבית
7291000159604,לבית
7290016973303,מוצרי אפיה ובישול
7290016892215,מוצרי אפיה ובישול
7290016892208,מוצרי אפיה ובישול
7290016892437,מוצרי אפיה ובישול
7290016892420,מוצרי אפיה ובישול
7290016891799,מוצרי אפיה ובישול
7290016892390,מוצרי אפיה ובישול
7290016973716,מוצרי אפיה ובישול
7290016892383,מוצרי אפיה ובישול
0693493137447,מוצרי אפיה ובישול
7290016973730,מוצרי אפיה ובישול
7290016892376,מוצרי אפיה ובישול
7290016892444,מוצרי אפיה ובישול
7290016973723,מוצרי אפיה ובישול
7290016892369,מוצרי אפיה ובישול
7290016892703,מוצרי אפיה ובישול
7290016892840,מוצרי אפיה ובישול
7290016892826,מוצרי אפיה ובישול
7290016892833,מוצרי אפיה ובישול
7290016892901,מוצרי אפיה ובישול
7290016892888,מוצרי אפיה ובישול
7290016892871,מוצרי אפיה ובישול
7290016892864,מוצרי אפיה ובישול
7290016892895,מוצרי אפיה ובישול
7290016892857,מוצרי אפיה ובישול
7290016892918,מוצרי אפיה ובישול
7290016892314,מוצרי אפיה ובישול
7290016892260,מוצרי אפיה ובישול
7290016892277,מוצרי אפיה ובישול
7290016892352,מוצרי אפיה ובישול
7290016892321,מוצרי אפיה ובישול
7290016892338,מוצרי אפיה ובישול
7290016892284,מוצרי אפיה ובישול
7290016892345,מוצרי אפיה ובישול
7290016892291,מוצרי אפיה ובישול
7290016892192,מוצרי אפיה ובישול
7290016892086,מוצרי אפיה ובישול
7290016892048,מוצרי אפיה ובישול
7290016892062,מוצרי אפיה ובישול
7290016892079,מוצרי אפיה ובישול
7290016892031,מוצרי אפיה ובישול
7290016892147,מוצרי אפיה ובישול
7290016892116,מוצרי אפיה ובישול
7290016892109,מוצרי אפיה ובישול
7290016892130,מוצרי אפיה ובישול
7290016892123,מוצרי אפיה ובישול
7290016892024,מוצרי אפיה ובישול
7290016892093,מוצרי אפיה ובישול
7290016892178,מוצרי אפיה ובישול
7290016892017,מוצרי אפיה ובישול
7290016892055,מוצרי אפיה ובישול
7290016892185,מוצרי אפיה ובישול
0693493137454,מוצרי אפיה ובישול
7290013827531,מוצרי אפיה ובישול
7290013610041,מוצרי אפיה ובישול
7290013827371,מוצרי אפיה ובישול
7290014246683,מוצרי אפיה ובישול
7290014246713,מוצרי אפיה ובישול
7290014246720,מוצרי אפיה ובישול
7290014246690,מוצרי אפיה ובישול
7290014246676,מוצרי אפיה ובישול
7290014246799,מוצרי אפיה ובישול
7290014246706,מוצרי אפיה ובישול
7290014246768,מוצרי אפיה ובישול
7290118430926,לבית
7290118430940,לבית
6979878730071,לבית
8412497748600,יום הולדת ומתנות
7290108358742,מוצרי נקיון וטיפוח
7290013848758,מוצרי נקיון וטיפוח
0693493056724,מוצרי אפיה ובישול
7290010300594,מוצרי אפיה ובישול
7290110280833,חד פעמי
7290110282516,חד פעמי
7290110282523,חד פעמי
7102545380395,חד פעמי
7290017100722,חד פעמי
7102545380364,חד פעמי
7290003679638,חד פעמי
7102545380371,חד פעמי
710254380388,חד פעמי
0611108801736,חד פעמי
0611108801729,חד פעמי
7290118632788,חד פעמי
7290100488935,לבית
7290014974562,חד פעמי
6923538202743,חד פעמי
7290013827562,מוצרי אפיה ובישול
7290011249250,מוצרי אפיה ובישול
7290016323122,חד פעמי
6923538202729,מוצרי אפיה ובישול
835811002666,חד פעמי
835811002659,חד פעמי
835811000457,חד פעמי
7290013827739,מוצרי אפיה ובישול
7290121393430,לבית
7290019500704,מוצרי אפיה ובישול
7290019500698,מוצרי אפיה ובישול
5,לבית
7290118631323,לבית
7290618281738,מוצרי אפיה ובישול
6920569083563,מוצרי אפיה ובישול
6923538230517,חד פעמי
6923538230524,חד פעמי
7290014625617,חד פעמי
7290118431374,חד פעמי
7290010711147,חד פעמי
7290018929261,חד פעמי
7290018213155,חד פעמי
7290121243407,חד פעמי
6923538240264,חד פעמי
7290011249755,מוצרי אפיה ובישול
7290011249748,מוצרי אפיה ובישול
835811000730,מוצרי אפיה ובישול
72900020008934,מוצרי אפיה ובישול
7759855539151,חד פעמי
7759855539137,חד פעמי
7759855539144,חד פעמי
7290012191053,לבית
7290118435020,לבית
7290011695477,מוצרי אפיה ובישול
7290012602627,מוצרי אפיה ובישול
7290005425073,מוצרי נקיון וטיפוח
7290020228147,מוצרי נקיון וטיפוח
7290015381642,מוצרי נקיון וטיפוח
7290020228161,מוצרי נקיון וטיפוח
7290019633440,לבית
7290118437772,לבית
7290012969027,מוצרי נקיון וטיפוח
7297373000437,מוצרי נקיון וטיפוח
7290003411054,חד פעמי
7290002007357,חד פעמי
7290110288099,חד פעמי
7290121245227,חד פעמי
7290110288075,חד פעמי
7290115951370,חד פעמי
7290121245432,חד פעמי
729012124537,חד פעמי
7290120163850,לבית
7290001419779,מוצרי אפיה ובישול
7290001419618,מוצרי אפיה ובישול
6923538201937,לבית
6923538230784,לבית
6923538201302,לבית
7290109498027,לבית
7290121246934,לבית
7290013827012,לבית
7290110287900,חד פעמי
7290110287924,חד פעמי
7290110288129,חד פעמי
7290019792307,לבית
6923538239466,יום הולדת ומתנות
6923538239428,יום הולדת ומתנות
6930258177398,יום הולדת ומתנות
6923538239473,יום הולדת ומתנות
6923538239251,יום הולדת ומתנות
6923538239268,יום הולדת ומתנות
6923538239350,יום הולדת ומתנות
6923538239404,יום הולדת ומתנות
6923538239312,יום הולדת ומתנות
6923538239374,יום הולדת ומתנות
6923538239282,יום הולדת ומתנות
6923538239367,יום הולדת ומתנות
6923538239275,יום הולדת ומתנות
6923538239336,יום הולדת ומתנות
6923538239305,יום הולדת ומתנות
6923538239381,יום הולדת ומתנות
6923538239299,יום הולדת ומתנות
6923538239411,יום הולדת ומתנות
6923538239329,יום הולדת ומתנות
6923538239435,יום הולדת ומתנות
6923538239442,יום הולדת ומתנות
6923538239459,יום הולדת ומתנות
6923538239510,יום הולדת ומתנות
6923538239480,יום הולדת ומתנות
6930258177220,יום הולדת ומתנות
6930258177237,יום הולדת ומתנות
6930258177374,יום הולדת ומתנות
6930258177350,יום הולדת ומתנות
6930258177282,יום הולדת ומתנות
6930258177404,יום הולדת ומתנות
6923538239855,יום הולדת ומתנות
6923538239913,יום הולדת ומתנות
6923538239879,יום הולדת ומתנות
6923538239893,יום הולדת ומתנות
6923538227524,יום הולדת ומתנות
6923538227531,יום הולדת ומתנות
6923538227555,יום הולדת ומתנות
6923538227562,יום הולדת ומתנות
6930258177275,יום הולדת ומתנות
6930258177381,יום הולדת ומתנות
6928325141434,יום הולדת ומתנות
6928325141410,יום הולדת ומתנות
6928325141427,יום הולדת ומתנות
6930258177343,יום הולדת ומתנות
6923538223298,יום הולדת ומתנות
6923538223281,יום הולדת ומתנות
6923538223304,יום הולדת ומתנות
6923538239930,חד פעמי
6923538240493,יום הולדת ומתנות
6923538240486,יום הולדת ומתנות
6923538239244,יום הולדת ומתנות
6923538203887,יום הולדת ומתנות
6923538203733,יום הולדת ומתנות
6923538217723,יום הולדת ומתנות
6928325169759,יום הולדת ומתנות
6928325174562,יום הולדת ומתנות
6928325158531,לבית
6928325158548,לבית
6923538239237,לבית
6923538240370,לבית
6923538234799,לבית
6928325191118,לבית
6928325198964,לבית
6928325198940,לבית
6928325198957,לבית
7803218969991,לבית
7803218961988,לבית
7901235501603,לבית
7901235514986,לבית
7803218996850,לבית
7901235501887,לבית
7901235198742,לבית
7901235501665,לבית
7901235513965,לבית
7290014803220,מוצרי אפיה ובישול
7290011695958,מוצרי אפיה ובישול
7290010300532,מוצרי אפיה ובישול
7290019439479,מוצרי אפיה ובישול
7290019439417,מוצרי אפיה ובישול
7290019439455,מוצרי אפיה ובישול
7290019439431,מוצרי אפיה ובישול
7290019439370,מוצרי אפיה ובישול
7290011695712,מוצרי אפיה ובישול
6923538205652,מוצרי אפיה ובישול
7290013610676,מוצרי אפיה ובישול
7290013610768,מוצרי אפיה ובישול
7290013610737,מוצרי אפיה ובישול
7290001706657,מוצרי אפיה ובישול
7290618284968,מוצרי אפיה ובישול
7290618291508,מוצרי אפיה ובישול
7290618291515,מוצרי אפיה ובישול
7290618284944,מוצרי אפיה ובישול
729061828500,מוצרי אפיה ובישול
7290018517024,מוצרי אפיה ובישול
7290020178275,מוצרי אפיה ובישול
7290020178282,מוצרי אפיה ובישול
7290014246522,מוצרי אפיה ובישול
7290014246508,מוצרי אפיה ובישול
7290014246584,מוצרי אפיה ובישול
7290014246577,מוצרי אפיה ובישול
7290000483412,מוצרי אפיה ובישול
7290014246560,מוצרי אפיה ובישול
7290010300334,מוצרי נקיון וטיפוח
7290102844265,מוצרי אפיה ובישול
7290121245296,חד פעמי
7290003586622,חד פעמי
7290110287849,חד פעמי
7290013827654,יום הולדת ומתנות
7290110286101,חד פעמי
7290110286064,חד פעמי
7290020228420,מוצרי נקיון וטיפוח
7290015381994,מוצרי נקיון וטיפוח
7290020228451,מוצרי נקיון וטיפוח
7290020228048,מוצרי נקיון וטיפוח
8565288858740,מוצרי אפיה ובישול
7290115737707,מוצרי אפיה ובישול
7290010799183,מוצרי אפיה ובישול
7290002654681,מוצרי אפיה ובישול
7290116785011,לבית
7290100480151,לבית
7290019858157,חד פעמי
7290104859779,חד פעמי
7290013655387,חד פעמי
7290112481900,חד פעמי
835811009795,חד פעמי
7290018542361,חד פעמי
7290014731066,חד פעמי
7290014731073,חד פעמי
7290015922760,חד פעמי
7290121800112,חד פעמי
7290121800167,חד פעמי
7290121800068,חד פעמי
7290121800563,חד פעמי
7290121800310,חד פעמי
835811002000,חד פעמי
7290015922753,חד פעמי
835811009313,חד פעמי
7290019858164,חד פעמי
7290005230806,חד פעמי
7290013262936,חד פעמי
7290121806626,חד פעמי
7290012241328,חד פעמי
7290111667480,חד פעמי
7290002007623,חד פעמי
835811009696,חד פעמי
5876931241271,חד פעמי
7290002128328,חד פעמי
7290016212440,חד פעמי
5201184967959,חד פעמי
7290115953046,חד פעמי
835811008996,חד פעמי
693493235679,חד פעמי
044164298477,חד פעמי
044164299856,חד פעמי
7290108353266,חד פעמי
7290108353259,חד פעמי
6928325168271,חד פעמי
7102545381101,חד פעמי
2990618295173,לבית
7290115951349,חד פעמי
7290115951141,חד פעמי
7290112487292,חד פעמי
7290112487346,חד פעמי
7290004255862,חד פעמי
7290112487445,חד פעמי
7290112487391,חד פעמי
7290116787091,חד פעמי
835811003106,חד פעמי
835811004547,חד פעמי
835811001522,חד פעמי
835811000419,חד פעמי
835811008958,חד פעמי
7290115951158,חד פעמי
7290112487308,חד פעמי
7290112487353,חד פעמי
7290019626688,חד פעמי
7290112487452,חד פעמי
7290112487407,חד פעמי
835811004486,מוצרי נקיון וטיפוח
835811004479,מוצרי נקיון וטיפוח
835811004493,מוצרי נקיון וטיפוח
7290017870830,מוצרי נקיון וטיפוח
7290108359374,לבית
7290121392518,לבית
7290013827791,מוצרי אפיה ובישול
7290013827401,מוצרי אפיה ובישול
7290110288068,חד פעמי
7290019633020,מוצרי אפיה ובישול
7290112545695,מוצרי אפיה ובישול
7290001706640,מוצרי אפיה ובישול
7290003586141,חד פעמי
7291988050955,מוצרי נקיון וטיפוח
7290020178121,מוצרי אפיה ובישול
7290020178084,מוצרי אפיה ובישול
7290020178077,מוצרי אפיה ובישול
7290020178091,מוצרי אפיה ובישול
7290003679409,חד פעמי
7290003586493,חד פעמי
7290019626527,חד פעמי
7290015922364,חד פעמי
7290019439035,מוצרי אפיה ובישול
7290110288082,חד פעמי
6951097102099,לבית
6951097100330,לבית
6951097101030,לבית
835811002239,מוצרי אפיה ובישול
835811002246,מוצרי אפיה ובישול
835811002215,מוצרי אפיה ובישול
7290119967490,לבית
7290119967506,לבית
7290018884393,לבית
7290019439011,לבית
7290011695873,מוצרי נקיון וטיפוח
7102545381477,מוצרי נקיון וטיפוח
7290004914974,מוצרי נקיון וטיפוח
7290118431466,לבית
7290004829247,לבית
7290017682617,לבית
7290118435495,לבית
7290012823374,מוצרי נקיון וטיפוח
7290019039501,מוצרי נקיון וטיפוח
7290019673682,מוצרי אפיה ובישול
0601570783036,מוצרי נקיון וטיפוח
710254381613,לבית
7102545381606,לבית
7290002008835,מוצרי אפיה ובישול
7290121392471,לבית
7290000292694,לבית
7290003586516,חד פעמי
7290018509340,חד פעמי
7290018509357,חד פעמי
7290019039143,חד פעמי
7290119961573,לבית
7290119961566,לבית
7290011101237,חד פעמי
7290011101220,חד פעמי
7290119969296,חד פעמי
7290011101350,לבית
7290011101244,לבית
7290003586509,חד פעמי
7290115956993,חד פעמי
835811002086,חד פעמי
7290013757548,חד פעמי
7290013757362,חד פעמי
7290013757562,חד פעמי
7290015731935,לבית
7290015731928,לבית
7290017674384,לבית
7290017674391,לבית
7290017674407,לבית
7290018813775,לבית
7290018813782,לבית
7290013757067,חד פעמי
7989049001069,לבית
7989049014045,לבית
7989049001052,לבית
7759855538338,לבית
7759855537928,לבית
6923538205645,חד פעמי
6923538205638,חד פעמי
6923538204648,חד פעמי
6923538204495,חד פעמי
6923538240233,חד פעמי
6923538240196,חד פעמי
7290005988943,חד פעמי
7759855537225,חד פעמי
7759855537232,חד פעמי
7290118438441,חד פעמי
7290118438434,חד פעמי
729061828906,מוצרי אפיה ובישול
7290618284906,מוצרי אפיה ובישול
7291988041861,מוצרי אפיה ובישול
7290121392549,לבית
7290011242114,לבית
7290116781846,לבית
7290019792499,לבית
7290004255664,חד פעמי
7290112487360,חד פעמי
7290019626169,חד פעמי
7290112487469,חד פעמי
7290112487414,חד פעמי
7290112487421,חד פעמי
7290112487322,חד פעמי
7290112487377,חד פעמי
7290112487476,חד פעמי
7290112480767,חד פעמי
7290112480804,חד פעמי
835811004651,חד פעמי
7290018517017,מוצרי אפיה ובישול
7290118572497,מוצרי אפיה ובישול
7759855540164,מוצרי אפיה ובישול
7290019633228,לבית
0693493056717,מוצרי אפיה ובישול
0693493057080,מוצרי אפיה ובישול
0693493056526,מוצרי אפיה ובישול
0693493057028,מוצרי אפיה ובישול
7290019673699,לבית
7290111664977,לבית
7290118430674,לבית
7290010711727,לבית
8451822151029,מוצרי אפיה ובישול
72901167883888,מוצרי אפיה ובישול
7290020476012,מוצרי נקיון וטיפוח
7290122150018,מוצרי נקיון וטיפוח
5400338127908,לבית
7290618291638,לבית
7290103265724,לבית
7290013025944,לבית
7290116783024,לבית
7290019633013,לבית
9010,לבית
9015,לבית
8996,לבית
9020,לבית
7758412140212,לבית
7290008449366,לבית
7758412140038,לבית
7290118434146,לבית
7290118434139,לבית
7290118434108,לבית
8699621150502,לבית
9005,לבית
0693493057318,מוצרי אפיה ובישול
4251039439712,לבית
7290012027741,חד פעמי
7290001468319,מוצרי אפיה ובישול
7290013827166,מוצרי אפיה ובישול
7290006560919,חד פעמי
1032,חד פעמי
835811008972,חד פעמי
7290015828185,חד פעמי
9008,חד פעמי
66-300-0227,חד פעמי
9009,חד פעמי
7290016480221,חד פעמי
7290016480214,חד פעמי
406,חד פעמי
9069,חד פעמי
7290019633921,לבית
7290016622355,חד פעמי
7290016322460,חד פעמי
7290118432456,חד פעמי
7290017870472,חד פעמי
7290008482486,מוצרי אפיה ובישול
7291988059002,לבית
7296155150025,לבית
0693493065917,מוצרי אפיה ובישול
0693493066150,מוצרי אפיה ובישול
0693493065993,מוצרי אפיה ובישול
729061828491,לבית
7290618284913,לבית
8710002569468,לבית
0731851567708,מוצרי אפיה ובישול
0731851587708,מוצרי אפיה ובישול
0731851587715,מוצרי אפיה ובישול
0731851588361,מוצרי אפיה ובישול
0731851588385,מוצרי אפיה ובישול
0731851588408,מוצרי אפיה ובישול
0731851587722,מוצרי אפיה ובישול
7290001670507,מוצרי אפיה ובישול
7290019500209,מוצרי אפיה ובישול
7290003679232,מוצרי אפיה ובישול
7290013757753,מוצרי אפיה ובישול
7290001670651,חד פעמי
7290118434634,לבית
6218946515166,לבית
7290122530162,לבית
7290019633310,לבית
7290122560473,לבית
7291988011260,לבית
7290019633099,לבית
7290100481547,לבית
7290100481554,לבית
7102545381491,לבית
7102545381507,לבית
7290120041776,לבית
7290121391580,לבית
7290100487303,לבית
7290018884096,לבית
7290105667489,מוצרי אפיה ובישול
7290618281868,מוצרי אפיה ובישול
7290118578734,מוצרי אפיה ובישול
7290120165649,מוצרי אפיה ובישול
7290012450709,חד פעמי
7290115953527,חד פעמי
7290013979735,חד פעמי
7290110285654,חד פעמי
7290115953510,חד פעמי
7290110285647,חד פעמי
835811004226,חד פעמי
7290013979742,חד פעמי
7290115953497,חד פעמי
7290118432487,חד פעמי
7290120320680,חד פעמי
7290001670385,חד פעמי
7290120663466,חד פעמי
7290117824474,חד פעמי
3838952023078,חד פעמי
7290111660795,חד פעמי
7290111660863,חד פעמי
7290111660849,חד פעמי
7290004914691,מוצרי נקיון וטיפוח
7290004914479,מוצרי נקיון וטיפוח
7290004914219,אביזרי רכב
7290121245845,חד פעמי
7290115953039,חד פעמי
7290121240741,חד פעמי
7290121241335,חד פעמי
7290118638049,חד פעמי
7290121240765,חד פעמי
7290121240758,חד פעמי
7290115950106,חד פעמי
6990288370077,מוצרי אפיה ובישול
7290119965106,חד פעמי
7290019168317,חד פעמי
7290013542991,חד פעמי
7290018542347,חד פעמי
7290111664281,חד פעמי
7290111664304,חד פעמי
7290014625587,חד פעמי
5201184969113,חד פעמי
7290121392259,חד פעמי
7290120090064,חד פעמי
7290120090019,חד פעמי
7290120090118,חד פעמי
7290119965151,חד פעמי
7290119965168,חד פעמי
7290118432494,חד פעמי
7290119965113,חד פעמי
7290118432517,חד פעמי
7290118432548,חד פעמי
7290120099852,חד פעמי
7290118432555,חד פעמי
7290013542625,חד פעמי
7290120663213,חד פעמי
7290122051520,חד פעמי
7290122051513,חד פעמי
7290121394185,לבית
7290121394116,לבית
7290121394178,לבית
6102017501939,לבית
7290019673439,לבית
7290115736384,לבית
7290115736377,לבית
7290122561128,לבית
7290013610867,מוצרי אפיה ובישול
7290013610911,מוצרי אפיה ובישול
7290013610935,מוצרי אפיה ובישול
7280122530391,לבית
7290120168121,לבית
7290120168138,לבית
6923538240073,חד פעמי
6923538215293,חד פעמי
6923538215309,חד פעמי
6923538215316,חד פעמי
6923538215286,חד פעמי
6923538240066,חד פעמי
7290013268990,מוצרי נקיון וטיפוח
7290108355994,מוצרי נקיון וטיפוח
7290019673491,חד פעמי
7290121244107,חד פעמי
7290019626534,חד פעמי
7290110289171,חד פעמי
7290120320420,חד פעמי
7290119969623,חד פעמי
7290122562132,חד פעמי
7290012975080,חד פעמי
7290120320895,חד פעמי
7290016667271,מוצרי נקיון וטיפוח
7290120166462,לבית
7290618289000,מוצרי אפיה ובישול
7290618292154,לבית
7290618288881,לבית
0693493066242,מוצרי אפיה ובישול
7290107054287,לבית
7290107342063,לבית
9007711025232,לבית
9007741026055,לבית
9007741026062,לבית
7290018929797,לבית
6923538225841,חד פעמי
7290122560640,לבית
7102545381262,לבית
710254381262,לבית
7290116789439,לבית
7290110280109,חד פעמי
7290011695781,מוצרי אפיה ובישול
7290010300457,מוצרי אפיה ובישול
7290019500995,מוצרי אפיה ובישול
7290020228673,מוצרי נקיון וטיפוח
7290020228758,מוצרי נקיון וטיפוח
7291235620009,לבית
7291000199914,לבית
7291000129959,לבית
835811005667,מוצרי אפיה ובישול
7290119967643,לבית
7290119967650,לבית
7290119967681,לבית
7290019627685,לבית
7290011695934,מוצרי אפיה ובישול
0835811002635,מוצרי אפיה ובישול
7290005430510,מוצרי נקיון וטיפוח
7290118631293,לבית
601570783036,מוצרי נקיון וטיפוח
7296155149791,לבית
7290110282158,חד פעמי
7290100488553,לבית
7290017147796,לבית
7290002128953,לבית
6923538238247,לבית
7290112703408,לבית
7290002128311,לבית
7290017147741,לבית
6923538222918,לבית
077343000233,לבית
044164282827,לבית
7290122560008,לבית
835811003625,לבית
7290013610317,מוצרי אפיה ובישול
7290013610270,מוצרי אפיה ובישול
7290110286033,חד פעמי
7290119968190,לבית
7291988022020,לבית
7290013381156,לבית
835811000853,מוצרי אפיה ובישול
7290102842346,מוצרי אפיה ובישול
0693493066037,מוצרי אפיה ובישול
7290001468609,מוצרי אפיה ובישול
7290006376053,מוצרי אפיה ובישול
7290020178305,מוצרי אפיה ובישול
7290020178350,מוצרי אפיה ובישול
7290020178251,מוצרי אפיה ובישול
7290019500254,מוצרי אפיה ובישול
7290016667066,מוצרי אפיה ובישול
7290016667523,מוצרי אפיה ובישול
7290018517345,מוצרי אפיה ובישול
7290102842360,מוצרי אפיה ובישול
7290020476005,מוצרי נקיון וטיפוח
7290011851606,מוצרי אפיה ובישול
7290002654612,מוצרי אפיה ובישול
6923538234157,לבית
7290618291447,לבית
7290618291430,לבית
7290019213666,לבית
7290019213673,לבית
7290122530285,לבית
7290118439808,לבית
7102545380401,חד פעמי
7290618291386,חד פעמי
6923538240844,חד פעמי
6923538240875,חד פעמי
6923538240905,חד פעמי
6923538233884,חד פעמי
7102545380418,חד פעמי
7290017147932,לבית
7290012419713,לבית
7290119968268,לבית
7290016132342,לבית
7290013827784,מוצרי אפיה ובישול
7290013827814,מוצרי אפיה ובישול
7290020534002,מוצרי אפיה ובישול
7290618282377,מוצרי אפיה ובישול
7290618295674,מוצרי אפיה ובישול
7290114349154,לבית
2990618295159,מוצרי אפיה ובישול
7290120040953,חד פעמי
6920243005126,לבית
2990618295166,מוצרי אפיה ובישול
6924656320821,מוצרי אפיה ובישול
8681469497536,מוצרי אפיה ובישול
6583412002144,מוצרי אפיה ובישול
7290114346573,מוצרי אפיה ובישול
7290109499123,מוצרי אפיה ובישול
7290116781457,מוצרי אפיה ובישול
7290119969364,חד פעמי
7290119969357,חד פעמי
7290119969388,חד פעמי
7290119969371,חד פעמי
7290121392877,מוצרי אפיה ובישול
6923538234096,לבית
6923538234126,לבית
7290618284920,לבית
7290019168911,חד פעמי
7290019673514,חד פעמי
7290121241267,חד פעמי
7290120320901,חד פעמי
7290120320918,חד פעמי
7290121241274,חד פעמי
7290121241281,חד פעמי
7290118431954,לבית
6998285700026,לבית
6931767500110,לבית
7290002346500,מוצרי נקיון וטיפוח
7290120044050,מוצרי נקיון וטיפוח
7290120044067,מוצרי נקיון וטיפוח
7290120044043,מוצרי נקיון וטיפוח
6925951618071,מוצרי אפיה ובישול
7759855536051,לבית
6923538201180,לבית
7290018813799,לבית
7290018517635,מוצרי אפיה ובישול
7290016667547,מוצרי אפיה ובישול
607741,חד פעמי
7290013800251,חד פעמי
361234,חד פעמי
36123,חד פעמי
36148,חד פעמי
3642,חד פעמי
34903,חד פעמי
7290013381675,מוצרי אפיה ובישול
7290011695637,מוצרי אפיה ובישול
0693493066785,מוצרי אפיה ובישול
7290002781271,מוצרי אפיה ובישול
7290016667059,מוצרי אפיה ובישול
7290011695620,מוצרי אפיה ובישול
7290122560589,לבית
7290112487339,חד פעמי
7290112487384,חד פעמי
7290112487483,חד פעמי
7290112487438,חד פעמי
835811004554,חד פעמי
7290008329293,חד פעמי
7102545380487,לבית
7290016132243,לבית
7102545380784,לבית
7290019792949,לבית
7290012419492,לבית
7290019792741,לבית
7290019792734,לבית
7290118432951,לבית
7290122560749,לבית
7290122560756,לבית
72901106788908,לבית
7290108357202,מוצרי נקיון וטיפוח
7290108350531,מוצרי נקיון וטיפוח
7290001468470,מוצרי נקיון וטיפוח
3800718504947,מוצרי נקיון וטיפוח
7290118435198,מוצרי נקיון וטיפוח
7290019500315,מוצרי נקיון וטיפוח
695739612217,אביזרי רכב
7290118871804,יום הולדת ומתנות
6923538202163,יום הולדת ומתנות
7290116910420,יום הולדת ומתנות
6923538201975,יום הולדת ומתנות
6923538204068,יום הולדת ומתנות
6923538201968,יום הולדת ומתנות
6923538202064,יום הולדת ומתנות
6923538202354,יום הולדת ומתנות
7290116910567,יום הולדת ומתנות
7290116910468,יום הולדת ומתנות
7290116910680,יום הולדת ומתנות
7290121242059,יום הולדת ומתנות
7290118572817,לבית
7102545380579,לבית
7102545380586,לבית
7290018517529,מוצרי אפיה ובישול
7290019500308,מוצרי אפיה ובישול
7290019500292,מוצרי אפיה ובישול
7290018517208,מוצרי אפיה ובישול
7290102840939,מוצרי אפיה ובישול
7290002654667,מוצרי אפיה ובישול
7290102841127,מוצרי אפיה ובישול
7290002654674,מוצרי אפיה ובישול
7290102844364,מוצרי אפיה ובישול
7290016892727,מוצרי אפיה ובישול
7290016892734,מוצרי אפיה ובישול
7290016892741,מוצרי אפיה ובישול
7290016892758,מוצרי אפיה ובישול
7290016892765,מוצרי אפיה ובישול
7290016892772,מוצרי אפיה ובישול
7290016892789,מוצרי אפיה ובישול
7290016892796,מוצרי אפיה ובישול
7290016892802,מוצרי אפיה ובישול
7290016892819,מוצרי אפיה ובישול
7290002008460,חד פעמי
7290002008170,חד פעמי
7290002008309,חד פעמי
7290002008156,חד פעמי
7290002008071,חד פעמי
6902412100160,מוצרי אפיה ובישול
835811005728,מוצרי אפיה ובישול
7290004914868,אביזרי רכב
7290122530278,לבית
6928325187296,לבית
7290013827609,יום הולדת ומתנות
7290014803237,מוצרי אפיה ובישול
7290013610461,מוצרי אפיה ובישול
7290118431169,מוצרי נקיון וטיפוח
7290118575016,מוצרי אפיה ובישול
7291988026967,מוצרי אפיה ובישול
2990618297214,מוצרי אפיה ובישול
7290120044111,לבית
7290120044081,לבית
7290120044074,לבית
7290120044098,לבית
7290120042001,לבית
7290120043336,לבית
7290120043312,לבית
7290120041134,לבית
7290019673859,לבית
835811005322,לבית
7290118571179,לבית
6928325190548,חד פעמי
7290013381545,מוצרי אפיה ובישול
7290102840243,מוצרי אפיה ובישול
7290013025425,לבית
7290115731200,חד פעמי
6923538242060,לבית
6923538242237,לבית
6923538242381,לבית
6923538242053,לבית
6923538242084,לבית
6923538242435,לבית
6923538242428,לבית
780707001042,לבית
0693493055932,מוצרי אפיה ובישול
0693493056052,מוצרי אפיה ובישול
7901235507018,לבית
7901235679524,לבית
8712581701642,לבית
7901235502365,לבית
4895229118089,לבית
7290008482530,מוצרי אפיה ובישול
7290001791349,מוצרי נקיון וטיפוח
7290013827074,מוצרי אפיה ובישול
7290019500575,מוצרי אפיה ובישול
7290019500568,מוצרי אפיה ובישול
7290014803756,מוצרי אפיה ובישול
7290011695439,מוצרי אפיה ובישול
7290011695224,מוצרי אפיה ובישול
7290014803855,מוצרי אפיה ובישול
044164053946,מוצרי אפיה ובישול
7290016973440,מוצרי אפיה ובישול
7290016973457,מוצרי אפיה ובישול
7290016973969,מוצרי אפיה ובישול
7290016973464,מוצרי אפיה ובישול
7290016973471,מוצרי אפיה ובישול
7290016973488,מוצרי אפיה ובישול
7290016973495,מוצרי אפיה ובישול
7290016973501,מוצרי אפיה ובישול
7290016973518,מוצרי אפיה ובישול
7290016973525,מוצרי אפיה ובישול
7290016973532,מוצרי אפיה ובישול
7290016891072,מוצרי אפיה ובישול
7290016891089,מוצרי אפיה ובישול
7290016891201,מוצרי אפיה ובישול
7290016891096,מוצרי אפיה ובישול
7290016891225,מוצרי אפיה ובישול
7290016891911,מוצרי אפיה ובישול
7290016891058,מוצרי אפיה ובישול
7290016891041,מוצרי אפיה ובישול
7290016891126,מוצרי אפיה ובישול
7290016891119,מוצרי אפיה ובישול
7290016891164,מוצרי אפיה ובישול
7290016891232,מוצרי אפיה ובישול
7290016891157,מוצרי אפיה ובישול
7290016891249,מוצרי אפיה ובישול
7290016891140,מוצרי אפיה ובישול
7290016891188,מוצרי אפיה ובישול
7290016891195,מוצרי אפיה ובישול
7290016891171,מוצרי אפיה ובישול
7290016891034,מוצרי אפיה ובישול
7290016891133,מוצרי אפיה ובישול
7290016891938,מוצרי אפיה ובישול
7290016891065,מוצרי אפיה ובישול
7290016891027,מוצרי אפיה ובישול
7290016891010,מוצרי אפיה ובישול
7290016891218,מוצרי אפיה ובישול
7290016891102,מוצרי אפיה ובישול
7290011695729,מוצרי אפיה ובישול
7290010513703,מוצרי אפיה ובישול
0731851587517,מוצרי אפיה ובישול
0731851587500,מוצרי אפיה ובישול
7290118631378,חד פעמי
7290110289164,חד פעמי
7290110289140,חד פעמי
07290019039051,חד פעמי
7290118636588,חד פעמי
7290120320338,חד פעמי
3320113920406,חד פעמי
7290120662810,חד פעמי
7290120320413,חד פעמי
7290120320451,חד פעמי
7290120320871,חד פעמי
7290120320437,חד פעמי
7290120320864,חד פעמי
7290120320406,חד פעמי
7290120320444,חד פעמי
7290120320888,חד פעמי
7290014500006,חד פעמי
7290013757821,חד פעמי
7290017870694,חד פעמי
7290014500013,חד פעמי
7290110289157,חד פעמי
7290118636540,חד פעמי
7290119969616,חד פעמי
7290122562118,חד פעמי
7290020279040,חד פעמי
7290018509715,חד פעמי
7290018509630,חד פעמי
7290018509647,חד פעמי
7290119969609,חד פעמי
7290122562125,חד פעמי
7290016132564,חד פעמי
7290016480931,חד פעמי
7290019858447,חד פעמי
7290019858423,חד פעמי
7290019858430,חד פעמי
7290115953022,חד פעמי
7290019626497,חד פעמי
7290121243940,חד פעמי
7290121243988,חד פעמי
8412497750474,חד פעמי
7290019626541,חד פעמי
7290019858102,חד פעמי
7290019858393,חד פעמי
7290019858386,חד פעמי
6928325142462,חד פעמי
7290121391788,לבית
7290119964956,לבית
7290110298135,לבית
8571254681045,לבית
7290118439059,לבית
7290120160729,לבית
7290120160736,לבית
7290120160743,לבית
7290118439042,לבית
7290118439066,לבית
7290118439035,לבית
2023100300137,לבית
6928326191742,לבית
7290010300921,מוצרי אפיה ובישול
6902412100184,מוצרי אפיה ובישול
6928325164235,חד פעמי
7290122560398,חד פעמי
7290122560404,חד פעמי
6928325179024,חד פעמי
7290122560305,חד פעמי
7290122560299,חד פעמי
7290013757326,חד פעמי
7290109490854,לבית
6975069400457,לבית
6975069400150,לבית
7290016624830,לבית
7290016034004,לבית
7290020178145,מוצרי אפיה ובישול
7290020178138,מוצרי אפיה ובישול
7290020178190,מוצרי אפיה ובישול
7290020178176,מוצרי אפיה ובישול
7102545382160,לבית
6923538228842,חד פעמי
6923538228859,חד פעמי
6923538228873,חד פעמי
6923538228880,חד פעמי
6923538228903,חד פעמי
6923538240103,חד פעמי
6923538228248,חד פעמי
7102545382184,לבית
7102545382191,לבית
7102545382177,לבית
7290119967964,חד פעמי
6923538224875,חד פעמי
7290120161801,לבית
6910268136660,לבית
7290119969333,חד פעמי
7290119969319,חד פעמי
7290119969340,חד פעמי
7290119969326,חד פעמי
7290005481772,חד פעמי
7290115733138,חד פעמי
835811003823,חד פעמי
835811003816,חד פעמי
7189000740055,חד פעמי
7290120162693,לבית
111500098,חד פעמי
6923538205379,חד פעמי
[C16924141960017,מוצרי נקיון וטיפוח
7290019673644,מוצרי אפיה ובישול
7290014246638,מוצרי אפיה ובישול
7290010300570,מוצרי אפיה ובישול
7290014246652,מוצרי אפיה ובישול
835811001935,מוצרי אפיה ובישול
835811001928,מוצרי אפיה ובישול
7290001468692,מוצרי אפיה ובישול
611108802283,חד פעמי
7290015922586,חד פעמי
6923538227685,לבית
7290020178909,מוצרי אפיה ובישול
7290020178800,מוצרי אפיה ובישול
7290016667776,מוצרי אפיה ובישול
7290618288942,מוצרי אפיה ובישול
7290618288959,מוצרי אפיה ובישול
7290001468753,מוצרי אפיה ובישול
7290116788784,לבית
7290019673613,חד פעמי
7290110289188,חד פעמי
7290019858232,חד פעמי
7290018509241,חד פעמי
7290119969630,חד פעמי
7290122562149,חד פעמי
835811007616,חד פעמי
7290003679911,חד פעמי
835811007623,חד פעמי
7290119968701,לבית
729000367904,חד פעמי
7290110282165,חד פעמי
7290013757593,חד פעמי
6923538204105,חד פעמי
7290110282189,חד פעמי
7290118435952,לבית
7290019039167,חד פעמי
7290119962631,חד פעמי
7290119962648,חד פעמי
835811009146,חד פעמי
7290112488718,חד פעמי
7290121390002,לבית
7290121390019,לבית
7759855538383,לבית
7290115955576,חד פעמי
7290115955583,חד פעמי
7290110289195,חד פעמי
7290121801119,חד פעמי
7704258002966,חד פעמי
7290016480191,חד פעמי
6923582440394,מוצרי אפיה ובישול
6923538241049,חד פעמי
6923538235550,חד פעמי
6923538235567,חד פעמי
6923538240158,יום הולדת ומתנות
6923538233747,יום הולדת ומתנות
6923538229887,יום הולדת ומתנות
6923538229917,יום הולדת ומתנות
6923538229979,יום הולדת ומתנות
6923538228255,יום הולדת ומתנות
6923538229962,יום הולדת ומתנות
6923538222864,יום הולדת ומתנות
6923538222871,יום הולדת ומתנות
6923538215378,יום הולדת ומתנות
6923538229948,יום הולדת ומתנות
7290008751902,יום הולדת ומתנות
7290013381682,מוצרי אפיה ובישול
7290013381699,מוצרי אפיה ובישול
7290014246621,מוצרי אפיה ובישול
7290001670668,מוצרי אפיה ובישול
0693493066419,מוצרי אפיה ובישול
0693493056663,מוצרי אפיה ובישול
0731851588446,מוצרי אפיה ובישול
0693493056298,מוצרי אפיה ובישול
0693493056144,מוצרי אפיה ובישול
0693493067591,מוצרי אפיה ובישול
0693493056403,מוצרי אפיה ובישול
0693493055888,מוצרי אפיה ובישול
7290011695446,מוצרי אפיה ובישול
0693634424177,מוצרי אפיה ובישול
0693493056373,מוצרי אפיה ובישול
0693493056137,מוצרי אפיה ובישול
0693493056380,מוצרי אפיה ובישול
0693493056151,מוצרי אפיה ובישול
0693493056281,מוצרי אפיה ובישול
06934930562281,מוצרי אפיה ובישול
0731851588392,מוצרי אפיה ובישול
0693493056502,מוצרי אפיה ובישול
0693493056328,מוצרי אפיה ובישול
0693493056366,מוצרי אפיה ובישול
7290115776140,מוצרי אפיה ובישול
7102545380852,מוצרי אפיה ובישול
7102545380869,מוצרי אפיה ובישול
7290118570912,מוצרי אפיה ובישול
7290118570905,מוצרי אפיה ובישול
7290013827340,מוצרי אפיה ובישול
7290020178343,מוצרי נקיון וטיפוח
7290016480108,חד פעמי
7290016480436,חד פעמי
7290119963669,לבית
7290113926660,חד פעמי
7290104856877,חד פעמי
7290104856891,חד פעמי
7290122581821,חד פעמי
7290122561821,חד פעמי
0693493067317,מוצרי אפיה ובישול
0693493067430,מוצרי אפיה ובישול
0693634423583,מוצרי אפיה ובישול
7290018517659,מוצרי אפיה ובישול
0693493067300,מוצרי אפיה ובישול
9729000386396,חד פעמי
7290117761281,חד פעמי
7290016892574,מוצרי אפיה ובישול
7290016892581,מוצרי אפיה ובישול
7290016892628,מוצרי אפיה ובישול
7290016892642,מוצרי אפיה ובישול
7290016892659,מוצרי אפיה ובישול
7290016892666,מוצרי אפיה ובישול
7290016892673,מוצרי אפיה ובישול
7290016892680,מוצרי אפיה ובישול
7290016892635,מוצרי אפיה ובישול
7290013610447,מוצרי אפיה ובישול
7290020178701,מוצרי אפיה ובישול
7290001468159,מוצרי אפיה ובישול
7290001468883,מוצרי אפיה ובישול
7759855538871,מוצרי אפיה ובישול
7290018884720,מוצרי אפיה ובישול
7290618288997,מוצרי אפיה ובישול
7290013269669,מוצרי נקיון וטיפוח
7290108358681,מוצרי נקיון וטיפוח
7290108358667,מוצרי נקיון וטיפוח
7290014397769,מוצרי נקיון וטיפוח
7290118434665,לבית
0693493065986,מוצרי אפיה ובישול
7759855535986,מוצרי אפיה ובישול
0693493066464,מוצרי אפיה ובישול
0693493066471,מוצרי אפיה ובישול
7290010300587,מוצרי אפיה ובישול
835811008279,מוצרי אפיה ובישול
7290019500513,מוצרי אפיה ובישול
7290010300518,מוצרי אפיה ובישול
7290016028614,חד פעמי
835811002390,חד פעמי
7290013827388,מוצרי אפיה ובישול
7290013827999,מוצרי אפיה ובישול
7290013827968,מוצרי אפיה ובישול
7290004731472,מוצרי נקיון וטיפוח
7290019500469,לבית
7290111975561,לבית
7290011785260,אביזרי רכב
7290118576846,חד פעמי
7290118571605,חד פעמי
7290118571797,חד פעמי
7290020178039,מוצרי אפיה ובישול
835811005803,מוצרי נקיון וטיפוח
835811007968,מוצרי נקיון וטיפוח
7290115730722,מוצרי נקיון וטיפוח
7290115730715,לבית
7102545380920,מוצרי אפיה ובישול
7290017870496,לבית
7290122560206,לבית
7290122560190,לבית
6923538231750,לבית
7290115738094,מוצרי אפיה ובישול
7291988056780,לבית
6923538231835,לבית
6928325185308,לבית
6923538231767,לבית
6923538231804,לבית
6923538239961,לבית
6923538239985,לבית
6923538240042,לבית
6923538240523,לבית
6923538240530,לבית
6923538240039,לבית
729001903952532,לבית
7290018710777,מוצרי אפיה ובישול
2990618296927,מוצרי אפיה ובישול
7290016132250,לבית
6923538240349,יום הולדת ומתנות
6923538240332,יום הולדת ומתנות
6923538240325,יום הולדת ומתנות
7290108356502,מוצרי נקיון וטיפוח
4831459616562,חד פעמי
20-140-0027,חד פעמי
903,חד פעמי
904,חד פעמי
913,חד פעמי
900,חד פעמי
910,חד פעמי
4891459618375,חד פעמי
4891459616357,חד פעמי
7290016622683,חד פעמי
7290103152970,חד פעמי
4891459616555,חד פעמי
4891459616579,חד פעמי
7290018884133,חד פעמי
7290018884157,חד פעמי
7290120166660,מוצרי אפיה ובישול
7290120166677,מוצרי אפיה ובישול
7759855536907,מוצרי אפיה ובישול
7290016580235,מוצרי אפיה ובישול
7290122532180,מוצרי אפיה ובישול
7290016580228,מוצרי אפיה ובישול
7290122532173,מוצרי אפיה ובישול
912,חד פעמי
7290011496289,חד פעמי
9068,חד פעמי
3137610001633,מוצרי אפיה ובישול
7290111665097,חד פעמי
7290618296442,לבית
7290018884300,לבית
7290118437888,מוצרי אפיה ובישול
7290118435556,מוצרי אפיה ובישול
7290118435402,מוצרי אפיה ובישול
7290118435433,מוצרי אפיה ובישול
7290113925243,מוצרי אפיה ובישול
7290107057417,מוצרי אפיה ובישול
3137610000872,מוצרי אפיה ובישול
3137610000728,מוצרי אפיה ובישול
7290011496210,מוצרי אפיה ובישול
6959033842252,אביזרי רכב
7290019213796,חד פעמי
7290018884676,חד פעמי
7290018884492,חד פעמי
7290018884591,חד פעמי
7290018884430,חד פעמי
7290019213949,חד פעמי
7290019213840,חד פעמי
7290019213857,חד פעמי
7290019213901,חד פעמי
7290019213918,חד פעמי
7290019213819,חד פעמי
7290019213826,חד פעמי
7290019213871,חד פעמי
7290019213888,חד פעמי
7291988060985,לבית
019307064464,חד פעמי
7290116789149,לבית
6928325194058,לבית
7290107901918,לבית
7290011695392,מוצרי אפיה ובישול
7290019500148,מוצרי אפיה ובישול
7290011695385,מוצרי אפיה ובישול
7290019500155,מוצרי אפיה ובישול
7290016892536,מוצרי אפיה ובישול
7290016973761,מוצרי אפיה ובישול
0693493137355,מוצרי אפיה ובישול
7290016892499,מוצרי אפיה ובישול
7290016973778,מוצרי אפיה ובישול
7290016892512,מוצרי אפיה ובישול
7290016892505,מוצרי אפיה ובישול
7290016973617,מוצרי אפיה ובישול
7290016892543,מוצרי אפיה ובישול
7290016973921,מוצרי אפיה ובישול
0693493137362,מוצרי אפיה ובישול
0693493137379,מוצרי אפיה ובישול
0693493137393,מוצרי אפיה ובישול
7290016892567,מוצרי אפיה ובישול
0693493137409,מוצרי אפיה ובישול
7290016892550,מוצרי אפיה ובישול
7290016892475,מוצרי אפיה ובישול
7290016973754,מוצרי אפיה ובישול
0693493137386,מוצרי אפיה ובישול
7290016892482,מוצרי אפיה ובישול
7290016973631,מוצרי אפיה ובישול
7290016973747,מוצרי אפיה ובישול
7290016892529,מוצרי אפיה ובישול
7290016973624,מוצרי אפיה ובישול
7290102844258,מוצרי אפיה ובישול
7290018517994,מוצרי אפיה ובישול
